ts,block,addy,amount,type
1657027789,259422,0x6875f16514700b2943bff47846594975e57a28cd64822bd1c9d433676757065,100000000000,0
1657028158,259426,0x6875f16514700b2943bff47846594975e57a28cd64822bd1c9d433676757065,100000000000,1
1657028540,259430,0x6875f16514700b2943bff47846594975e57a28cd64822bd1c9d433676757065,832912,2
1657645935,265880,0x23c58f1fe36813778d7bf2b48893e38651a1c1b7d1e77705f09c07507e8c274,100000000000,1
1657895053,268448,0x23c58f1fe36813778d7bf2b48893e38651a1c1b7d1e77705f09c07507e8c274,1545182,2
1658763655,277303,0x1b173eb8b1994059a2b31f1ba9b8431ee41f12488c9448ea2a5360600feba65,500000000000,1
1658773153,277406,0x6edac2fe7b84fd02510d1ee45065f5ee365a540b75d041f4f26b3f8dd956a02,100000000000,1
1658917035,278993,0x6edac2fe7b84fd02510d1ee45065f5ee365a540b75d041f4f26b3f8dd956a02,100000000000,0
1658917217,278995,0x6edac2fe7b84fd02510d1ee45065f5ee365a540b75d041f4f26b3f8dd956a02,100000000000,1
1658937571,279218,0x20d26a2c6e770434b49ce1b39e010d9f96ab8870cb76c9579c044afaecead1a,100000000000,1
1658991374,279824,0x2fb9c12e3b47ba0658c91c563239fab95b0eeb20c4d58951ad40f7ad87d5584,100000000,1
1658991374,279824,0x2fb9c12e3b47ba0658c91c563239fab95b0eeb20c4d58951ad40f7ad87d5584,100000000,1
1659198410,282107,0x27accda15b0a13c626081c6f001b1ef94482ac7f6e4c5d78c6306fef30fcee6,49800000000,1
1659202616,282153,0x3fc37be402d68adc86a288c7733d4f8903fdc51b1c8509e8a6ed8b9a0015a2c,10100000000,1
1659218006,282319,0x1b173eb8b1994059a2b31f1ba9b8431ee41f12488c9448ea2a5360600feba65,100000000000,0
1659227617,282423,0x71f5c1a69065b12952f96d1a73872bf0b0c5806cc5b8295480fbc9533a6386d,100000000000,1
1659251753,282678,0x34a4e601128d3def53b469ae17f649179cb77ce4a9780f8ab9a7a18dcaf0a7e,50000000000,1
1659259715,282767,0x17193529143cbff0aa73672ec5bbc07bdfca5af6ea1c6e176420ca679ee7efd,100000000000,1
1659289109,283080,0x3b9109a42d86982aed2a2740f1525a8988ecb5cdef1e2310fcaf530bf2298da,100000000000,1
1659356849,283850,0x46c144ab6e6bf0cd7d5da7d0cd94bb2634da0c3d3f25ccfe5a81efd803beb4e,10000000000,1
1659356908,283851,0x46c144ab6e6bf0cd7d5da7d0cd94bb2634da0c3d3f25ccfe5a81efd803beb4e,100000000,0
1659361478,283905,0x21f827b3ad8d4e81cefa5d899fefd0d3a3041617b530c0e41ed7a4802f38542,2000000000,1
1659362010,283911,0x50321ded0ca5338b5cedd3de5d7686810f46555a5040c83fa490e7ee9533681,23700000000,1
1659362285,283914,0x50321ded0ca5338b5cedd3de5d7686810f46555a5040c83fa490e7ee9533681,23700000000,1
